193,152,163,229,220,244,33,213,91,208,130,44,111,142,89,4,196,15,240,75,12,145,195,229,71,77,70,241,243,192,60,151,170,146,146,85,2,137,251,201,183,231,11,226,46,141,17,141,148,247,208,82,4,173,87,120,110,173,254,227,164,254,134,224,147,224,248,182,86,49,198,108,52,176,184,162,216,99,202,207,124,42,239,251,162,108,102,157,161,220,213,78,54,65,172,168,152,236,11,172
217,30,3,145,144,67,28,169,44,125,150,207,125,210,140,42,77,174,115,209,222,172,58,61,235,252,131,120,194,121,115,66,187,34,115,249,172,102,87,30,117,29,96,191,86,220,174,16,84,43,24,219,82,1,170,182,68,118,225,99,117,89,160,180,78,204,62,211,202,9,4,117,190,120,8,29,178,167,251,79,226,149,145,150,111,248,30,159,118,201,164,126,234,236,210,152,116,85,21,60
35,182,134,216,237,106,169,171,215,111,225,48,229,119,212,87,193,200,166,120,238,150,184,189,125,132,173,9,185,76,109,108,86,147,196,122,168,220,201,253,238,194,73,199,153,199,73,211,17,141,221,139,189,210,22,119,201,174,112,229,32,209,48,137,7,210,196,86,176,78,193,151,125,47,86,166,154,1,27,64,174,52,79,129,41,188,160,101,94,88,165,99,148,96,194,65,74,128,185,211
238,99,155,105,185,240,211,78,113,108,143,26,210,164,18,231,186,185,109,64,22,167,203,232,90,38,83,12,97,239,191,137,148,129,151,104,93,38,29,60,82,188,224,186,189,133,48,107,20,70,146,196,48,10,201,193,228,123,16,122,82,47,199,250,77,168,143,66,80,145,244,17,59,158,144,198,185,20,136,146,87,220,220,231,93,153,12,239,22,129,187,245,198,107,158,173,242,88,129,15
122,176,251,78,140,70,253,39,163,181,67,79,37,95,93,100,151,153,247,165,7,55,194,156,95,235,183,242,30,146,55,252,202,227,177,219,184,64,96,184,95,178,254,82,83,176,121,97,32,115,105,230,120,233,150,104,146,36,142,170,187,49,68,68,39,192,59,149,101,9,199,168,205,226,182,176,195,208,185,214,214,64,70,127,208,20,87,37,83,42,245,119,33,20,68,51,69,221,232,34
196,141,221,233,95,225,195,251,227,131,251,119,232,148,47,152,187,207,151,79,59,89,126,170,75,47,37,118,198,37,154,139,249,171,22,28,170,143,114,129,231,176,210,30,252,208,133,161,187,215,194,104,165,17,243,5,195,75,1,183,105,206,33,241,170,199,101,80,24,118,58,230,30,65,230,126,190,46,195,17,84,4,203,12,248,163,23,48,233,129,97,226,80,238,160,208,183,147,73,48
169,44,254,232,70,218,22,253,180,252,160,117,109,68,118,178,236,44,232,155,4,79,101,21,14,181,35,135,246,206,91,230,91,78,84,220,172,216,13,250,74,215,94,249,29,160,240,67,90,100,47,173,165,161,30,2,238,194,31,7,219,26,106,2,198,156,74,19,182,79,48,1,151,108,74,246,242,187,124,133,158,65,248,75,190,224,125,226,0,97,9,142,72,216,58,169,196,195,81,217
71,19,136,238,243,234,210,55,152,232,206,150,173,100,224,205,11,48,97,131,66,104,203,243,97,126,173,185,37,84,76,69,221,26,255,50,247,184,60,200,103,148,5,27,146,68,183,3,97,111,209,95,73,194,227,43,143,57,48,170,25,228,141,226,131,130,19,133,238,31,82,24,106,57,47,233,230,248,46,79,6,3,229,212,214,118,18,81,45,213,22,37,235,244,149,37,127,25,8,51
204,78,118,138,178,117,90,159,184,15,176,41,50,42,129,5,78,95,99,254,116,184,125,8,83,228,104,219,174,86,98,144,161,161,180,233,244,178,144,69,93,187,63,25,248,40,33,2,160,142,177,236,115,29,93,228,249,178,35,202,182,154,50,168,219,107,7,131,201,142,210,192,129,242,39,173,125,18,108,211,22,99,89,21,255,229,109,77,71,98,108,87,35,205,123,203,48,6,249,16
53,177,211,129,46,235,142,241,34,191,177,14,193,202,174,196,156,76,115,179,197,69,2,131,181,47,26,149,131,26,144,167,137,86,218,62,68,212,172,53,149,22,223,239,254,222,174,72,164,121,76,137,251,95,150,40,71,222,211,24,205,169,12,39,82,103,101,3,34,91,33,3,97,230,140,249,58,181,14,133,157,87,179,213,153,173,20,38,181,0,75,158,161,217,205,110,135,112,209,1
88,232,64,37,77,210,121,17,156,234,170,180,181,29,15,126,209,203,225,236,100,96,6,221,236,2,236,41,61,46,252,121,71,241,234,29,33,63,40,210,44,252,69,15,244,186,162,50,152,50,60,151,255,254,218,28,42,122,6,216,85,236,62,168,93,26,125,229,67,61,142,19,23,176,244,132,158,89,156,214,44,20,188,219,1,126,214,252,7,165,33,119,136,251,93,34,170,34,233,237
27,119,70,63,9,241,252,55,7,144,104,225,70,79,166,39,246,111,62,62,78,116,43,4,162,221,83,70,162,9,121,14,39,21,53,160,167,48,64,228,170,205,42,162,115,169,81,5,24,163,21,162,162,147,224,187,202,99,214,66,41,193,253,204,24,88,165,171,14,175,202,37,19,83,197,253,97,186,31,211,1,175,128,249,144,244,128,152,15,124,170,148,143,30,77,172,16,201,182,134
26,96,154,60,157,169,229,225,167,187,120,212,166,245,102,17,228,248,175,9,131,173,80,15,86,72,104,202,104,72,76,207,249,92,192,207,41,88,185,69,164,111,49,94,52,157,127,185,49,113,54,206,114,51,31,81,53,228,211,84,52,5,40,44,43,175,63,189,71,116,216,245,184,186,115,18,1,98,137,17,53,221,242,74,67,162,59,43,92,50,52,55,186,63,200,80,123,234,222,213
6,204,126,101,36,122,161,139,158,247,206,109,149,127,187,101,248,111,135,130,99,9,75,193,19,221,232,6,137,22,167,33,153,160,162,178,142,9,169,137,217,165,68,79,102,222,82,49,39,39,77,187,70,65,115,181,162,167,144,35,224,42,245,125,56,94,155,102,214,108,42,220,78,222,54,51,62,16,48,235,60,179,33,3,169,211,205,8,233,163,190,247,236,36,173,203,157,93,182,227
36,228,228,191,108,240,163,219,146,225,213,52,244,230,152,167,10,118,165,34,166,255,177,136,143,82,9,151,134,212,97,231,153,98,226,26,33,80,60,99,74,170,166,152,194,157,27,43,153,14,228,4,224,112,252,131,243,153,96,130,52,215,184,129,11,231,116,95,42,49,194,124,39,245,238,246,88,148,10,229,98,219,68,167,141,76,127,171,45,254,111,149,246,247,215,232,101,1,157,102
177,208,189,188,105,183,8,247,180,214,109,152,56,84,244,107,143,196,239,53,171,181,47,63,249,206,137,217,76,214,38,147,102,91,136,10,204,242,73,33,247,129,114,143,28,4,36,80,110,109,198,149,226,151,87,2,92,193,7,43,216,69,47,125,91,128,19,21,56,12,233,57,193,62,120,132,11,84,251,96,247,132,144,27,107,123,176,48,182,162,2,97,248,12,123,2,29,22,244,148
146,44,57,155,61,208,3,139,67,150,5,148,98,35,121,164,82,92,0,186,70,203,246,137,186,110,59,83,255,204,7,33,175,112,87,31,9,133,219,1,55,97,47,246,140,49,101,217,219,34,91,142,112,136,229,213,87,21,55,20,82,48,176,155,177,95,149,213,184,109,183,4,97,104,174,133,199,244,133,212,166,21,167,125,55,125,175,222,3,130,156,124,203,140,71,87,47,205,143,20
103,157,39,217,105,204,149,147,2,250,255,42,204,100,42,61,249,70,203,80,169,118,150,216,104,65,255,191,243,146,199,17,144,122,148,158,81,219,58,204,26,146,75,4,55,168,219,64,73,79,110,176,6,25,208,251,130,23,188,91,111,23,190,233,201,152,53,181,44,147,25,81,110,132,69,226,243,55,15,82,80,6,171,144,182,43,69,26,240,38,158,247,90,173,111,123,27,137,12,173
169,45,111,212,166,235,233,192,115,210,76,133,164,30,25,137,214,188,117,203,41,252,116,72,189,255,49,32,40,163,53,51,1,67,213,110,236,177,219,46,116,194,107,245,131,224,222,201,191,188,13,97,68,63,64,0,141,60,211,217,108,78,201,78,170,79,105,249,119,33,82,16,219,140,161,197,168,155,104,77,154,57,71,45,46,206,140,108,176,149,133,250,221,115,45,117,44,96,88,113
246,106,74,44,9,123,116,12,39,46,207,249,152,213,20,235,11,70,230,237,7,231,99,146,67,141,11,6,65,89,54,252,143,89,217,183,165,178,252,43,193,238,81,215,170,153,165,231,46,151,26,74,78,107,150,181,109,44,162,33,238,130,173,208,67,116,144,137,146,225,234,41,233,65,250,85,68,73,26,150,50,183,170,6,34,29,181,177,125,38,215,10,214,155,171,251,153,33,208,208
178,31,136,198,100,220,156,52,215,205,0,48,76,208,190,34,74,66,1,182,211,17,216,222,115,51,93,57,39,214,241,229,119,21,66,73,67,6,224,244,188,137,190,12,245,79,219,184,160,162,212,20,134,174,193,96,7,250,216,11,182,195,59,199,215,88,254,141,32,213,40,81,232,164,82,223,220,138,87,64,102,30,182,147,237,88,192,180,7,98,134,70,199,103,86,230,17,82,176,42
49,245,221,210,143,83,234,230,233,51,97,105,17,245,47,67,182,244,56,172,13,194,116,3,102,61,1,48,120,242,107,172,115,224,241,27,128,104,85,211,20,81,116,192,53,230,238,140,237,182,211,38,146,127,53,239,74,141,131,240,118,104,152,183,157,62,158,79,102,84,92,239,152,209,154,192,210,121,245,157,41,10,56,36,186,255,127,240,54,149,178,33,45,16,55,243,133,129,205,222
56,10,10,82,39,210,99,172,51,239,21,112,202,153,151,212,154,229,172,160,231,53,167,39,252,118,139,206,136,114,69,249,146,127,126,87,149,219,165,208,120,68,237,167,171,144,186,235,245,179,160,152,160,14,65,168,49,139,68,185,149,237,138,156,124,243,206,179,49,248,125,129,37,162,213,80,88,237,238,19,72,181,50,72,14,251,124,50,72,1,90,152,10,121,85,220,138,137,74,87
153,229,89,180,156,213,179,162,216,42,0,250,116,159,217,86,241,170,173,34,108,21,165,145,84,27,84,1,241,172,221,215,79,5,127,96,137,35,112,179,130,216,183,201,112,38,246,3,137,46,89,60,52,180,88,103,238,224,229,153,245,186,43,19,110,41,43,153,8,51,246,181,84,92,51,108,71,182,172,242,189,244,181,211,226,241,89,46,213,168,95,119,106,20,187,59,249,154,59,114
209,134,0,118,17,12,23,232,45,239,54,202,152,225,200,19,58,100,26,158,53,40,170,241,250,46,235,186,228,250,235,238,210,115,252,126,172,47,160,53,152,22,208,134,118,248,211,155,247,3,134,7,57,219,85,173,170,244,178,247,210,179,84,79,90,46,56,65,1,204,27,60,198,7,116,43,245,84,173,164,50,170,29,247,150,23,57,155,24,78,23,171,39,163,114,44,59,90,238,34
243,135,213,241,238,0,241,31,231,236,52,201,48,39,30,82,31,234,22,51,246,185,240,167,62,159,219,110,218,204,223,57,119,79,98,161,198,134,210,198,183,191,90,58,177,163,158,225,77,93,181,239,16,170,116,171,174,40,39,80,162,109,171,57,194,125,250,124,211,254,255,145,146,73,150,144,202,118,102,212,61,245,54,70,97,229,52,151,188,212,212,174,82,160,29,92,45,110,193,94
213,253,52,140,138,29,123,96,152,179,110,192,56,147,189,158,4,11,86,221,66,100,161,85,119,203,160,114,68,45,57,248,17,62,107,40,149,223,217,29,160,87,22,59,219,229,116,129,224,71,19,179,83,224,53,241,214,224,204,239,252,98,173,17,236,105,200,25,219,129,252,134,221,42,74,44,201,109,68,22,88,15,227,4,136,213,137,229,250,209,80,208,105,168,214,170,248,60,218,159
112,70,201,178,45,222,223,222,234,63,122,2,108,161,57,103,88,134,235,226,159,102,253,36,254,14,181,19,43,232,201,146,126,191,202,130,21,161,244,181,107,254,217,160,239,123,64,178,55,205,113,81,97,38,14,94,190,207,46,61,8,254,170,158,118,111,54,63,157,85,218,38,104,242,34,88,25,20,56,190,106,232,72,83,22,20,68,186,36,71,80,99,9,150,150,160,211,205,124,247
171,153,36,102,99,75,55,78,41,194,108,111,215,193,157,137,193,133,245,223,227,167,130,51,38,126,215,57,170,111,192,78,105,251,19,174,221,8,203,157,247,176,17,56,89,127,87,188,31,236,199,180,165,120,235,31,108,96,50,208,59,188,156,200,116,50,90,184,204,102,10,160,182,36,24,249,25,71,14,156,102,100,17,32,106,123,251,62,235,102,253,247,7,226,12,115,193,13,106,193
43,210,87,44,118,41,218,254,127,148,156,16,27,213,71,144,207,180,88,145,152,250,254,90,76,186,196,112,212,250,172,219,53,61,169,126,27,145,209,226,211,249,92,45,27,199,125,214,92,245,193,44,162,213,191,202,114,131,31,132,63,172,102,4,15,150,142,180,233,203,172,173,183,6,245,31,179,206,165,108,108,161,201,12,206,228,251,2,97,4,219,217,186,23,164,30,96,168,175,136
77,83,53,82,13,198,104,16,127,110,83,186,98,205,100,18,60,64,222,143,163,122,144,243,115,215,23,130,41,93,39,45,194,51,198,66,56,79,173,238,119,248,32,62,164,80,146,220,198,17,212,16,205,110,217,152,180,3,66,103,116,66,34,62,149,139,166,21,151,94,211,35,237,188,208,247,81,143,125,250,89,108,202,135,42,209,52,123,104,197,189,222,138,5,13,169,131,155,48,64
201,3,185,136,65,192,139,47,148,235,175,71,187,129,174,157,51,10,46,30,159,143,135,18,67,233,185,251,105,32,142,74,131,43,117,46,1,246,217,141,244,130,136,53,223,206,62,59,214,210,207,7,18,27,45,234,82,5,104,63,6,146,161,244,188,28,161,129,50,98,27,222,69,122,182,130,191,36,65,254,140,80,169,43,220,216,89,47,66,221,143,97,238,60,19,120,12,130,228,18
68,56,221,230,121,15,152,80,246,55,54,87,164,12,158,139,58,116,194,8,202,238,53,184,252,98,184,10,250,56,113,91,21,84,142,67,151,120,254,18,116,110,2,85,41,204,65,35,240,60,138,8,64,201,113,237,181,252,80,16,150,9,189,159,11,65,124,206,83,3,235,233,180,88,185,102,250,164,51,205,71,58,159,143,81,142,250,134,43,214,86,70,124,173,39,167,222,147,215,152
39,248,252,33,48,228,189,183,213,69,102,47,63,170,173,83,47,109,239,205,72,145,50,216,197,251,82,242,125,28,183,191,148,127,216,166,87,58,138,180,179,103,173,1,25,214,128,56,214,210,10,137,208,170,2,92,175,153,80,92,50,170,181,180,1,25,6,85,207,45,6,93,242,43,169,55,3,31,173,20,37,214,94,65,37,22,209,109,116,197,82,76,107,246,222,66,226,152,55,248
144,169,28,164,47,113,2,225,252,91,65,20,202,52,237,153,140,104,189,124,171,90,123,143,100,8,121,105,72,175,195,25,143,137,139,135,218,134,173,173,214,207,118,84,44,100,78,238,157,214,15,85,142,137,159,29,143,199,75,49,238,93,164,40,112,226,141,233,219,151,93,47,70,98,66,8,182,58,60,241,233,23,40,195,96,195,107,42,79,13,194,174,31,18,10,247,92,187,53,114
108,20,143,24,239,152,171,241,200,112,32,224,97,146,78,62,18,107,149,67,184,151,85,14,19,222,38,37,248,155,213,137,200,237,214,215,136,209,4,52,150,162,162,8,30,34,40,72,9,30,119,56,12,166,51,165,167,16,177,126,135,223,172,69,227,232,252,5,50,10,192,111,107,162,43,153,122,10,133,237,151,154,224,38,114,69,215,92,35,235,34,198,240,99,176,104,231,212,210,208
210,4,225,77,134,163,35,234,123,164,66,93,64,199,217,44,147,255,172,124,188,150,51,119,2,30,12,140,209,155,45,164,253,98,137,101,230,233,26,44,57,165,45,213,59,100,232,123,204,136,24,235,22,134,23,66,34,50,145,62,210,251,149,97,172,246,198,87,216,105,94,127,13,93,56,171,95,164,185,146,165,48,40,36,244,219,142,160,39,129,8,253,57,157,85,70,95,239,246,143
197,195,26,181,216,153,129,195,239,234,149,21,213,128,42,54,42,204,196,177,6,205,222,58,235,231,142,241,87,203,139,54,137,86,207,55,250,218,146,43,180,31,69,30,79,185,121,89,225,153,195,159,70,149,236,145,211,185,182,3,66,33,113,249,97,56,232,20,112,227,37,239,121,30,245,224,21,161,219,24,172,64,215,241,218,197,122,136,157,200,104,208,237,84,235,204,161,133,197,27
186,201,210,53,245,42,88,102,29,187,50,126,170,213,152,184,93,17,52,8,180,29,224,30,102,69,211,58,22,229,249,154,30,14,205,144,169,69,37,236,100,118,165,31,63,33,249,251,97,20,47,116,218,49,198,179,244,226,82,17,182,76,68,39,23,96,129,20,31,223,20,48,190,62,80,203,61,170,101,196,150,36,250,26,174,61,202,154,237,77,111,46,96,142,88,27,248,251,196,205
112,68,200,122,25,107,12,107,61,10,59,155,158,189,30,140,171,11,180,42,156,244,162,224,21,73,13,23,119,184,184,95,158,201,155,68,65,116,98,164,54,245,84,94,152,62,122,3,3,80,108,73,241,6,65,100,61,76,164,251,149,199,188,42,27,93,200,125,231,108,154,55,90,104,3,39,164,33,15,16,252,52,69,96,212,17,53,139,19,173,10,216,187,38,222,32,202,85,1,75
184,90,17,147,141,142,36,168,254,23,102,139,33,180,255,255,243,123,70,245,156,206,146,222,1,100,3,195,72,227,116,131,61,219,15,114,48,93,181,63,169,254,35,170,66,53,31,235,254,141,102,62,139,97,189,196,23,232,125,50,91,113,53,146,40,49,132,70,218,212,110,196,59,157,249,1,54,49,30,156,40,63,196,169,5,89,139,95,212,210,57,38,141,236,173,169,142,229,148,205
107,13,134,17,180,9,238,72,65,61,181,233,73,187,222,10,195,13,139,79,157,191,28,100,217,98,10,130,117,104,18,33,202,205,52,206,243,83,131,215,198,120,87,235,146,200,50,10,151,252,192,221,211,19,252,103,79,163,56,190,8,184,71,135,152,215,15,123,254,223,178,156,96,150,112,165,100,169,76,65,43,59,205,213,142,146,197,104,80,31,255,229,69,126,208,78,110,161,248,210
135,174,69,109,228,78,37,130,59,15,237,132,3,36,45,15,13,153,15,111,207,104,149,155,0,167,108,1,71,45,222,35,74,25,157,119,11,207,105,36,183,97,165,212,189,250,42,9,92,39,112,100,45,213,121,51,192,20,130,191,146,221,59,164,115,17,173,241,140,132,42,212,14,143,168,160,18,145,166,63,170,215,180,83,198,22,118,251,197,166,228,150,142,210,174,111,203,244,255,183
130,155,126,142,30,40,216,122,140,80,179,106,228,246,87,3,151,167,99,164,164,72,19,5,125,186,2,156,200,102,193,24,177,51,68,237,189,132,12,139,197,171,2,90,63,27,160,62,144,41,178,217,175,178,38,129,105,239,63,253,9,159,153,232,254,165,84,254,58,86,22,129,210,115,111,243,161,108,113,133,181,179,168,104,168,87,143,178,165,96,168,190,92,170,122,67,137,139,80,220
229,151,26,115,175,206,94,81,128,220,118,212,12,42,100,101,152,161,150,140,213,172,222,101,76,129,167,223,2,228,150,0,31,154,253,101,13,198,94,221,107,204,4,183,22,236,103,94,92,149,108,253,25,131,24,203,26,185,45,134,94,246,31,221,48,38,14,75,84,115,91,5,0,16,113,190,249,247,12,166,144,196,112,121,179,159,224,194,91,95,94,29,119,198,165,183,12,49,100,166
147,31,38,206,132,237,122,8,178,113,65,91,235,77,104,190,114,89,59,101,204,30,93,189,52,251,13,94,206,99,1,79,24,196,34,245,227,249,231,99,216,35,220,169,244,3,234,53,233,195,202,150,48,31,19,137,113,186,61,72,58,184,232,230,120,190,26,136,238,8,252,52,42,212,123,132,152,245,81,97,187,24,212,5,51,76,49,171,37,143,164,87,72,80,95,196,75,190,13,76
64,197,132,193,128,245,85,12,131,52,69,56,159,228,104,5,186,73,104,108,125,136,56,180,214,172,97,130,33,159,17,236,9,168,35,33,104,145,190,251,238,166,20,210,137,14,59,107,180,144,92,216,221,248,125,225,99,155,129,207,145,122,181,213,134,141,192,169,128,108,157,221,221,127,21,44,235,138,143,55,121,182,246,116,167,84,205,234,138,157,3,67,96,154,86,214,128,225,195,180
109,152,196,139,207,59,213,3,3,101,30,243,226,161,226,218,254,225,247,68,177,209,14,112,89,140,44,167,118,186,151,21,42,82,10,2,74,235,139,127,156,22,194,226,124,95,158,8,55,235,133,93,210,76,164,201,234,222,42,108,59,241,8,210,65,208,150,104,177,199,92,114,175,136,69,210,185,17,171,251,154,107,67,224,239,32,116,158,45,201,30,24,137,184,146,150,12,5,156,177
164,150,142,227,98,5,234,210,167,134,85,40,5,67,202,186,42,175,232,133,154,33,254,76,199,254,194,245,248,109,92,136,14,251,69,49,238,124,176,204,133,212,53,83,25,73,196,137,55,88,30,152,145,98,209,14,202,45,245,55,220,114,171,82,142,90,176,43,47,209,198,85,33,69,52,240,60,29,136,173,62,218,172,58,72,242,57,181,81,98,235,203,32,96,253,33,11,180,254,73
85,202,218,40,116,7,150,230,250,192,231,174,231,198,149,219,13,78,219,142,145,84,41,191,41,206,199,122,138,115,142,156,181,104,167,194,108,103,61,244,229,254,70,36,234,10,202,173,216,180,80,21,100,28,30,61,208,213,168,122,130,44,51,136,36,44,90,190,117,138,219,86,173,63,60,167,194,179,189,212,234,190,206,49,57,92,161,45,82,179,133,123,238,10,251,245,246,228,194,164
184,79,234,125,111,46,135,154,76,239,187,218,17,78,195,195,152,150,183,237,37,10,28,221,238,242,96,249,73,247,229,138,244,16,169,134,152,31,96,50,113,223,252,16,71,110,239,47,81,199,107,118,179,223,182,67,25,129,144,228,16,62,3,69,72,93,130,67,72,253,184,91,160,237,6,243,170,246,228,247,182,60,197,178,40,171,217,233,40,165,187,8,41,98,61,170,203,45,125,113
32,107,102,254,122,240,61,184,236,120,190,205,250,191,69,228,206,212,217,96,76,204,104,33,73,177,189,0,236,58,198,36,145,8,146,193,15,241,128,171,11,18,148,64,237,180,135,36,60,124,100,239,127,198,19,4,76,31,238,5,226,241,80,86,77,17,29,25,68,51,142,30,128,226,201,186,160,228,155,255,33,201,159,79,49,99,43,42,118,195,195,176,223,184,224,123,20,24,229,71
110,163,118,219,62,107,36,164,214,109,32,75,58,7,173,169,101,47,202,32,55,194,76,161,26,115,160,139,247,171,30,45,162,5,141,187,231,211,50,127,203,250,69,53,99,13,157,198,182,46,53,141,124,133,123,98,91,42,202,215,116,143,51,105,230,115,216,143,230,6,56,129,115,27,225,160,103,48,87,132,24,38,96,155,128,190,181,69,67,27,218,173,157,105,233,230,145,138,252,104
17,224,102,134,201,109,195,138,122,153,168,225,9,34,219,38,151,78,32,35,235,130,154,74,204,38,161,93,97,147,71,165,57,59,86,134,76,123,210,93,220,205,94,33,162,222,140,44,142,141,20,100,193,103,112,130,157,127,250,143,161,219,233,158,93,121,160,27,214,161,146,117,123,182,52,132,142,40,183,10,1,17,222,87,217,47,128,163,158,147,189,40,162,229,30,254,27,175,54,14
131,197,97,210,220,123,177,172,125,253,23,255,209,96,199,253,190,72,16,214,69,186,2,157,80,129,171,76,218,95,123,68,188,204,106,33,71,252,27,130,216,16,89,143,107,188,239,210,127,189,202,182,163,122,85,111,80,26,160,145,14,236,105,173,192,119,182,252,36,233,209,74,138,127,86,236,154,42,219,92,45,217,174,100,82,19,126,249,149,194,111,124,94,21,166,232,142,122,79,245
227,75,11,51,72,39,188,89,118,142,199,132,186,34,185,223,68,223,34,112,241,228,225,108,147,32,6,105,78,129,27,93,147,190,224,122,243,96,28,50,128,55,140,114,226,75,200,245,153,250,239,222,198,178,58,105,98,83,67,70,173,20,179,49,212,170,119,73,129,216,66,86,119,243,201,65,83,190,154,183,92,32,226,241,238,227,183,147,88,65,162,89,157,234,151,232,160,45,8,92
239,171,106,166,63,198,40,250,150,47,160,89,215,82,236,61,169,37,124,120,108,56,220,61,88,101,23,171,193,153,219,122,211,198,199,107,56,152,130,5,64,215,9,232,41,38,165,237,111,44,62,196,6,243,12,118,159,191,13,79,116,36,50,204,118,216,95,19,60,0,91,110,26,123,5,183,249,130,212,93,17,235,233,24,156,175,1,181,246,8,103,228,108,43,168,13,245,220,238,212
34,98,121,102,208,48,23,96,235,31,5,192,44,178,10,138,2,193,47,69,23,60,17,70,90,168,255,91,176,140,235,89,108,68,215,75,255,5,138,45,83,253,168,217,179,162,103,219,224,63,3,118,56,50,146,46,64,245,253,171,0,122,209,0,139,211,112,137,96,164,75,145,76,93,198,183,73,34,196,176,83,236,92,172,160,162,182,18,129,142,130,5,77,113,189,232,110,169,116,46
19,86,185,129,235,254,251,2,142,83,150,171,164,2,124,222,234,134,77,84,95,23,150,65,71,71,229,171,14,253,131,182,240,66,33,86,14,242,102,48,143,96,226,114,217,37,248,165,31,175,22,195,232,69,249,153,122,207,53,149,167,34,79,249,201,28,216,222,229,112,183,7,94,8,161,61,75,203,72,189,192,86,253,186,152,190,138,195,120,144,72,185,58,118,202,119,220,90,7,255
134,128,76,153,48,86,138,238,189,63,101,51,121,18,230,235,88,100,33,126,202,181,215,154,82,109,189,209,109,161,172,124,245,66,158,106,85,250,228,191,135,167,26,206,1,151,235,120,8,224,106,64,195,20,70,146,209,172,13,136,232,140,108,42,33,158,122,33,40,159,232,83,181,191,152,46,56,185,221,156,222,45,66,37,4,184,154,166,156,163,184,130,236,44,202,219,198,140,222,254
30,119,121,101,188,228,178,48,105,72,73,210,79,141,32,88,53,151,140,68,70,65,134,30,164,180,254,86,247,215,175,174,49,182,42,246,216,252,40,80,68,37,126,104,103,132,64,126,2,4,255,235,149,136,229,21,94,202,110,180,194,225,194,26,31,8,243,249,58,236,153,168,63,54,7,90,0,79,7,247,182,238,103,5,26,131,52,248,209,203,55,122,237,182,94,7,146,251,240,40
197,193,187,51,101,40,223,214,3,63,56,131,71,39,207,131,183,68,66,226,152,35,72,227,238,230,99,35,65,17,251,208,72,14,91,1,213,77,130,75,69,46,117,86,229,253,250,181,206,231,73,129,70,100,33,152,26,61,8,43,182,42,145,85,219,3,206,51,139,115,243,194,237,59,67,239,17,221,18,137,139,73,10,134,52,143,207,19,196,204,253,111,249,243,219,38,36,126,43,129
185,1,12,26,220,216,13,21,77,168,137,111,162,201,206,113,88,253,5,5,80,116,148,167,152,192,11,12,33,193,124,200,164,147,107,127,222,3,48,114,177,41,88,108,183,253,93,30,127,32,184,129,151,102,190,119,233,192,178,103,119,182,63,214,178,64,239,71,147,79,182,72,191,204,39,152,87,111,132,117,210,116,204,2,96,40,245,11,45,177,59,134,104,110,42,42,130,223,9,210
174,34,1,172,161,215,183,122,146,92,206,128,56,56,99,138,133,186,66,54,28,73,70,222,55,36,206,52,19,201,224,79,248,88,29,142,42,174,104,2,104,190,218,21,109,199,241,133,77,234,215,147,141,66,114,112,229,88,119,134,230,128,224,97,205,68,111,147,140,138,206,28,255,249,182,102,75,233,186,80,0,3,149,98,227,33,237,237,38,151,178,66,9,245,129,16,6,218,69,40
208,93,101,196,197,128,233,181,8,127,33,109,226,120,46,71,189,180,105,127,23,68,212,125,79,78,209,177,184,116,165,231,88,31,86,74,137,230,88,30,2,52,170,59,152,179,168,109,235,229,158,8,228,115,14,97,113,231,147,134,245,244,202,242,250,93,65,3,184,204,71,102,240,202,52,20,160,75,181,6,105,97,49,70,217,180,113,172,152,122,54,29,167,213,180,83,180,114,188,92
69,85,137,199,193,95,245,129,88,84,75,244,36,71,132,82,162,234,27,233,97,148,199,185,215,55,219,5,20,194,77,172,44,250,183,94,121,239,18,10,108,233,129,186,92,35,165,40,232,13,43,248,236,42,73,67,114,28,54,130,30,41,125,162,90,134,8,238,43,165,233,72,181,33,160,248,111,73,31,45,29,239,171,74,40,234,183,82,175,107,158,57,227,45,17,74,254,97,105,184
178,206,18,214,114,3,158,203,124,136,54,244,184,77,39,132,232,146,21,234,232,160,148,218,48,154,25,145,227,252,41,188,164,157,67,130,104,151,152,199,23,57,169,5,72,233,14,76,83,13,254,25,107,97,109,135,64,55,87,99,138,55,187,8,114,35,191,14,123,251,73,14,75,180,7,234,52,248,209,178,16,136,199,235,47,127,120,138,9,92,41,147,13,166,57,153,241,191,121,176
0,63,225,219,241,89,97,98,27,254,119,201,254,60,208,161,40,143,159,179,149,129,43,134,58,242,150,166,133,36,184,92,185,251,105,152,147,198,78,107,96,166,87,111,132,76,174,212,228,221,82,204,5,82,139,231,172,149,50,252,96,234,124,62,35,37,188,130,221,220,119,172,28,86,97,155,100,165,145,228,121,39,9,119,135,112,78,100,232,61,156,123,65,225,79,54,64,100,128,214
154,77,53,152,18,173,45,28,45,169,166,185,82,205,249,56,31,249,82,43,10,50,135,186,110,145,188,80,250,247,193,179,74,79,204,244,24,125,106,220,79,197,227,149,96,44,217,30,211,179,197,86,89,175,53,64,135,169,204,249,62,57,211,185,125,21,219,200,135,96,239,251,46,29,13,251,237,96,229,250,247,118,145,33,140,89,149,175,46,54,14,224,210,175,182,46,138,64,123,36
2,247,91,106,140,136,151,15,129,147,209,45,51,87,118,191,243,87,120,228,99,59,119,190,166,77,145,141,36,131,31,109,216,84,73,252,201,0,102,155,185,202,48,35,27,72,167,16,147,179,189,25,206,28,146,24,209,10,102,129,96,39,20,34,247,36,22,54,24,12,206,118,5,135,253,60,132,180,112,236,248,109,201,111,200,187,220,184,112,246,65,67,103,166,116,232,162,241,15,80
7,3,227,248,169,234,202,30,167,98,211,143,21,228,126,170,139,193,11,39,28,249,152,78,235,255,222,30,37,78,115,162,77,168,225,156,223,52,74,239,214,164,18,125,225,240,22,79,47,198,74,15,234,143,179,70,163,86,67,241,98,14,227,179,80,10,178,91,241,5,186,23,57,177,0,144,81,118,135,162,194,28,129,42,189,117,234,113,154,223,1,169,38,41,179,145,238,73,189,183
149,30,180,68,173,5,58,142,196,42,141,251,236,216,9,177,118,137,135,148,170,94,57,0,175,113,50,171,210,150,16,153,210,77,95,245,164,40,31,63,255,154,149,153,0,237,87,254,117,246,129,169,204,96,248,88,179,180,156,141,17,31,48,134,73,178,180,240,115,84,217,98,224,35,255,200,229,208,193,112,104,55,193,155,94,95,49,230,200,133,29,242,159,81,192,196,154,89,28,125
78,76,154,166,197,91,123,40,39,176,20,218,72,102,52,129,165,198,81,247,33,205,43,237,54,153,243,159,184,104,20,31,147,192,224,199,180,245,116,169,239,5,186,177,18,232,186,93,8,41,224,221,181,244,65,65,122,93,73,14,26,252,199,210,9,210,17,73,190,101,197,30,1,20,188,192,10,3,91,45,42,66,43,242,67,3,137,163,18,167,81,42,83,22,6,125,42,196,36,47
0,90,189,125,32,2,51,218,75,89,127,169,186,227,143,117,146,139,195,156,58,223,142,139,148,95,119,214,4,48,58,208,12,228,254,89,226,64,242,48,245,163,190,217,31,222,142,142,64,57,185,171,74,225,190,225,62,199,19,230,56,63,68,228,104,121,192,195,241,168,53,1,150,33,100,52,231,78,77,150,166,164,156,113,24,255,98,121,71,1,14,69,10,16,26,180,238,109,147,126
86,9,239,113,101,54,2,125,16,80,192,239,31,54,89,105,70,8,220,108,12,41,21,61,205,254,66,219,214,16,123,19,211,142,233,106,190,130,90,230,76,132,206,218,93,98,180,204,158,214,213,88,242,67,170,78,177,193,245,44,30,26,140,19,33,193,165,237,33,241,228,155,5,100,96,116,164,59,12,28,84,72,75,29,116,188,245,166,161,72,227,60,212,28,0,239,200,210,100,107
249,137,141,5,159,120,94,242,1,74,227,123,158,28,225,93,44,131,210,206,203,35,194,216,8,183,169,55,122,120,209,181,221,253,219,110,223,219,13,32,202,81,160,48,17,145,136,0,102,57,24,170,69,65,88,76,212,37,97,121,206,196,103,201,175,190,91,99,214,234,116,187,161,134,235,216,32,170,57,163,115,138,170,225,73,40,81,169,139,7,88,29,164,55,177,118,31,160,55,41
114,31,164,89,221,38,115,37,241,114,122,190,8,237,130,161,99,72,168,194,98,44,96,163,233,210,136,24,182,138,149,88,220,243,92,111,35,53,51,199,120,174,120,241,223,31,45,188,215,93,174,189,157,99,140,203,220,0,169,190,114,43,125,91,47,93,208,209,48,43,101,55,50,126,2,102,192,154,237,255,228,120,189,181,199,44,99,110,31,70,136,74,216,167,54,195,221,139,74,35
168,212,128,33,247,163,152,14,91,36,215,181,144,172,10,24,62,2,147,82,145,11,232,248,60,113,202,76,94,34,136,250,143,98,167,90,225,233,183,38,200,245,46,106,94,54,102,188,183,81,185,246,157,167,108,192,85,197,153,215,247,57,204,24,206,120,248,48,212,219,198,84,207,32,2,80,177,14,150,242,24,244,250,75,249,129,223,27,144,45,170,26,245,91,104,90,212,39,229,168
213,191,136,90,50,53,17,47,132,16,252,207,205,242,168,158,34,191,169,141,124,162,26,99,156,54,118,153,213,161,200,56,163,202,206,98,50,139,43,35,13,239,113,224,118,80,82,4,245,254,218,165,80,36,13,86,233,197,217,85,21,254,57,9,46,252,148,96,173,28,156,25,74,185,154,128,59,43,200,13,71,150,51,148,51,241,252,180,78,108,107,101,204,207,168,196,115,23,31,244
75,152,29,151,59,109,160,97,101,217,24,137,241,154,148,146,228,232,231,224,220,168,116,135,10,38,44,111,15,12,43,143,15,171,87,154,179,248,187,138,173,234,155,137,104,185,205,158,186,197,166,164,141,126,233,0,52,90,46,167,47,59,243,220,231,127,104,201,16,184,143,106,135,118,203,42,160,208,69,19,211,148,192,175,82,121,174,238,160,171,168,99,168,9,222,114,242,107,166,182
134,90,135,74,151,199,211,22,242,199,65,162,56,96,96,190,26,152,62,122,93,100,87,95,170,221,114,83,214,2,8,158,178,41,107,26,37,195,41,170,175,239,137,140,162,191,177,108,180,114,136,140,161,36,222,200,97,34,9,57,177,114,79,106,3,249,172,75,25,162,148,107,53,173,98,105,226,159,13,148,62,84,252,60,41,249,12,241,151,21,205,245,123,126,210,240,190,30,147,255
163,128,183,100,3,49,16,209,0,83,30,145,77,129,138,196,164,4,177,82,43,248,59,123,75,126,205,190,40,130,104,230,234,7,144,198,204,50,111,204,3,151,51,32,138,50,36,144,123,27,155,53,192,111,48,101,164,148,41,84,156,92,230,103,62,81,133,135,191,111,230,142,108,141,233,205,9,214,48,232,10,214,233,191,179,173,83,65,127,188,200,236,103,86,116,237,243,135,27,7
194,244,166,153,84,142,228,121,138,218,55,81,56,114,96,91,48,130,83,52,115,239,135,170,13,203,255,225,185,237,253,144,227,95,35,174,5,190,61,184,135,157,127,70,95,1,89,109,188,107,109,71,163,78,40,147,59,115,167,242,133,47,130,101,226,107,156,250,5,236,158,38,241,33,166,107,37,111,39,251,41,243,157,22,193,70,189,225,18,219,251,222,120,216,185,150,128,38,231,224
119,49,188,204,73,90,254,22,114,235,211,50,240,238,45,144,50,71,117,73,235,109,160,30,218,223,134,100,228,114,172,0,131,145,189,107,53,11,173,150,240,99,182,206,34,99,54,227,89,84,187,185,248,15,216,7,237,45,221,175,107,61,56,98,85,11,233,10,199,139,129,34,125,80,165,233,37,137,51,40,72,245,151,80,221,103,54,129,164,147,87,245,7,52,137,147,81,248,135,131
158,138,223,139,61,59,18,93,166,89,255,66,186,242,192,33,192,195,1,117,118,143,200,35,136,192,32,105,222,254,128,44,190,122,47,231,111,122,173,28,216,176,94,137,42,86,89,47,56,153,115,64,133,162,169,30,111,117,38,196,47,64,217,216,102,22,69,91,96,86,241,7,134,78,29,231,59,188,32,234,3,14,102,89,200,68,43,110,54,121,74,145,240,51,245,104,191,36,168,193
173,252,197,174,84,148,25,255,107,228,22,250,39,204,50,204,58,244,225,232,31,239,150,60,155,231,179,29,7,55,59,184,12,93,103,216,40,252,245,232,100,47,219,237,9,40,4,102,59,253,162,44,155,4,78,23,57,211,249,29,205,13,200,180,120,195,211,249,158,162,86,143,195,200,11,51,66,101,211,177,40,182,25,220,60,63,223,143,53,113,220,154,190,110,101,48,218,58,238,23
118,241,61,47,200,104,132,156,151,89,57,201,4,136,141,252,152,221,26,188,125,229,65,62,129,142,144,166,23,60,138,4,174,61,29,8,100,46,174,184,194,126,97,132,206,13,123,227,80,232,84,230,97,5,21,100,128,131,65,188,172,90,79,62,24,222,3,13,122,176,119,206,69,0,55,246,174,63,96,191,136,143,130,117,118,193,30,229,154,37,222,121,185,39,254,157,131,9,175,252
12,75,211,229,30,160,250,20,26,152,25,220,75,159,27,74,71,161,115,220,246,176,82,95,171,211,253,197,87,95,156,90,100,122,120,179,203,158,25,233,135,139,219,231,85,238,166,124,208,90,125,255,130,126,52,161,17,255,69,136,186,137,120,159,81,8,59,227,225,108,120,77,209,51,39,122,254,202,170,228,245,108,212,44,53,131,51,212,39,90,29,118,54,4,85,152,166,13,142,183
191,69,80,156,129,111,79,144,249,56,124,220,87,103,241,9,97,179,25,85,146,18,80,43,14,139,168,82,219,75,210,125,19,98,211,107,0,81,79,107,191,192,243,45,173,193,219,18,35,73,37,87,162,246,25,244,193,126,47,235,249,239,104,109,162,181,110,210,43,60,49,141,164,215,111,2,152,73,42,20,148,110,3,76,246,9,174,31,33,228,13,245,77,40,232,97,21,237,205,162
171,179,35,254,165,28,149,27,3,51,214,38,22,20,17,243,129,35,159,27,251,128,35,177,164,138,154,208,45,88,154,136,75,185,168,53,1,49,219,107,25,173,230,180,123,178,121,155,217,190,169,255,139,23,21,64,174,202,204,250,199,188,107,254,229,196,23,217,14,41,99,50,218,157,92,12,161,75,141,88,81,198,240,193,58,99,22,218,150,143,209,179,187,51,192,46,21,191,111,203
60,64,46,97,252,198,152,195,161,137,89,43,212,216,108,88,100,132,33,170,59,87,189,172,232,178,149,12,192,139,239,127,163,103,165,141,11,201,209,67,116,101,65,237,103,9,155,76,199,0,48,162,12,128,6,39,186,151,72,92,73,246,209,235,15,173,198,125,51,107,159,32,75,73,54,111,52,52,255,229,42,251,71,135,43,125,144,188,188,141,129,136,184,33,33,2,188,2,72,114
54,146,40,79,110,49,77,153,4,183,88,232,184,47,65,212,29,133,230,168,146,164,158,132,68,44,146,209,80,98,2,165,187,62,130,82,135,79,173,198,84,188,28,202,221,37,100,65,213,190,33,185,38,75,143,126,91,73,245,59,42,97,246,124,75,36,90,215,159,40,60,255,70,185,113,193,38,188,74,251,108,50,194,139,119,122,71,197,222,206,203,179,87,78,111,11,141,238,169,79
241,147,59,238,16,213,173,220,123,177,90,49,122,166,227,134,143,229,208,192,106,244,51,49,254,220,143,176,140,249,20,90,6,11,235,140,217,153,22,65,131,172,30,143,109,103,71,161,181,127,7,119,196,240,202,187,76,106,48,13,71,4,92,201,45,234,133,97,81,142,36,157,163,163,0,6,57,240,77,224,148,94,207,241,156,144,144,26,218,146,230,6,174,213,17,112,168,171,92,91
102,109,90,104,158,179,203,132,193,77,188,117,34,62,37,105,68,182,31,249,67,48,200,163,73,22,35,166,241,122,80,185,106,37,65,104,154,75,165,188,126,43,4,152,121,233,172,218,161,223,33,183,14,101,36,99,152,126,199,22,119,175,166,181,150,59,152,253,126,14,62,159,234,100,10,98,48,62,60,160,76,185,217,95,15,99,106,76,66,226,62,34,61,158,241,161,94,247,42,214
142,169,206,246,151,201,211,10,240,54,208,14,99,87,90,54,112,152,113,138,236,152,7,63,42,250,43,20,99,52,248,131,165,247,172,91,27,234,166,245,147,61,82,17,190,103,88,108,134,44,232,83,67,253,252,248,244,239,103,167,85,133,35,250,188,202,120,59,205,81,173,105,138,209,3,127,142,180,88,89,199,112,95,234,228,52,249,105,182,163,226,48,187,19,235,37,5,53,70,14
170,1,162,229,79,26,241,15,185,181,228,201,2,213,118,38,107,109,131,102,108,163,253,151,37,240,118,58,55,247,78,67,165,177,163,50,61,235,222,66,134,8,61,204,211,98,44,39,100,148,155,161,190,247,182,69,136,31,19,213,222,40,127,244,34,2,100,4,206,206,138,234,198,60,71,174,46,234,111,227,147,85,62,206,0,104,45,224,207,56,22,131,154,50,7,76,192,251,68,65
135,206,241,71,92,243,227,86,7,171,145,161,97,22,87,59,122,14,141,252,6,110,159,52,233,237,161,240,182,83,184,174,244,140,186,210,178,186,36,191,91,255,212,148,32,35,196,163,150,183,157,140,54,160,203,220,65,208,99,31,12,96,209,93,116,192,80,127,251,87,110,235,54,237,75,97,245,200,225,70,82,178,167,116,3,183,242,67,131,39,198,75,74,195,172,206,230,142,237,47
81,178,6,37,172,204,93,65,110,4,1,151,34,193,138,102,134,124,169,236,224,81,205,128,16,89,35,4,96,70,86,166,143,1,134,176,201,183,166,244,188,96,106,127,197,108,181,62,179,19,17,8,31,0,109,197,71,151,135,1,16,60,253,79,49,82,185,46,253,193,44,204,83,174,216,148,59,210,28,226,68,149,153,34,105,162,217,165,130,177,232,64,105,122,183,239,48,130,76,112
69,3,44,200,100,180,183,11,44,92,229,109,50,164,24,199,238,125,168,141,110,8,201,23,7,99,46,167,71,202,62,50,244,108,128,115,148,2,192,186,8,35,231,174,253,155,228,150,58,4,72,40,120,195,184,180,251,248,68,235,156,124,121,17,167,228,74,208,245,80,65,198,130,254,68,181,102,96,207,109,41,189,88,119,107,223,130,49,87,134,117,99,123,181,105,154,44,156,181,244
123,178,132,60,229,194,67,225,254,25,201,83,4,46,31,74,188,114,248,134,192,207,228,117,174,144,247,247,230,68,233,18,191,39,220,162,236,201,68,226,40,55,180,41,233,4,44,135,117,213,165,60,18,200,253,19,162,212,76,108,57,113,10,72,149,158,133,80,12,176,150,66,208,198,140,139,106,74,146,42,175,23,181,231,250,217,207,191,181,240,226,11,44,201,48,0,211,214,115,168
